Model,Encoding,Trace Length,F-score,Precision,Recall,Accuracy
Decision Tree (Test),complex,6,0.5447912701433828,0.26373626373626374,0.42105263157894735,0.6515679442508711
Decision Tree (Val),complex,6,0.510082389530216,0.30716723549488056,0.35714285714285715,0.5760743321718932
Baseline,complex,6,0.4812557597234314,0.2648401826484018,0.23015873015873015,0.5876887340301974
